episode_id,player_0_team,player_1_team,player_0_score,player_1_score,winner,margin,total_steps
10dfbcd2-9a84-11f1-b260-0242ac130203,Thomas Tschinkel,カワシギ,63850.0,62164.0,Player 0,1686.0,720
f5fc5c2a-98a5-11f1-9100-0242ac130203,vijaikm,tipstar0125,58976.0,52510.0,Player 0,6466.0,720
efed18c4-449c-11ef-95c7-0242ac130204,p0,p1,-1.0,1.0,Player 1,2.0,720
2231b716-96cd-11f1-9a77-0242ac130203,vijaikm,Bang sion,44567.0,31815.0,Player 0,12752.0,720
be81725a-96d7-11f1-883e-0242ac130203,Amr Yasser,vijaikm,53615.0,76927.0,Player 1,23312.0,720
e04d1644-9896-11f1-ad23-0242ac130204,gytdrop,vijaikm,48121.0,112340.0,Player 1,64219.0,720
b45fd442-98f3-11f1-ae6e-0242ac130202,Efnutrrionpy,vijaikm,90882.0,99664.0,Player 1,8782.0,720
8938c560-4622-11ef-8f04-0242ac130202,p0,p1,-1.0,-1.0,Tie,0.0,720
fffe75c8-9b93-11f1-b9af-0242ac130203,vijaikm,yuanzhe zhou,69554.0,88906.0,Player 1,19352.0,720
ae55814e-98c8-11f1-a581-0242ac130204,Yanxi Jiang,vijaikm,101346.0,119713.0,Player 1,18367.0,720
15d9e534-96d6-11f1-a2ab-0242ac130203,csteeve,vijaikm,75844.0,86218.0,Player 1,10374.0,720
459b0774-96d3-11f1-af28-0242ac130203,vijaikm,John Doe,74735.0,80342.0,Player 1,5607.0,720
f3d9e5d4-96d4-11f1-b668-0242ac130202,Peter Parker,vijaikm,125554.0,127716.0,Player 1,2162.0,720
c01262e4-9931-11f1-b738-0242ac130204,vijaikm,Junliang Ye,62064.0,62790.0,Player 1,726.0,720
029b5816-9926-11f1-a0ca-0242ac130204,easonyanyan,vijaikm,64156.0,93733.0,Player 1,29577.0,720
90254720,Dennis Gioche,Knight of Favonius,0.0,0.0,Tie,0.0,720
9422cbbc-95c4-11f1-8b61-0242ac130203,Nikita Lugovoy,Shuiys,152356.0,127185.0,Player 0,25171.0,720
a7504668-9922-11f1-9eff-0242ac130203,HydFarms,vijaikm,132775.0,148501.0,Player 1,15726.0,720
82aa36da-98bd-11f1-98b5-0242ac130204,Malcolm Durosaye,vijaikm,70916.0,83113.0,Player 1,12197.0,720
639ee91a-98a0-11f1-bce3-0242ac130202,vijaikm,Tianfang Li,142664.0,114357.0,Player 0,28307.0,720
53f6275e-98fe-11f1-910f-0242ac130204,カワシギ,Thomas Tschinkel,75335.0,75667.0,Player 1,332.0,720
b1b02ad2-9a72-11f1-8d1d-0242ac130204,カワシギ,Thomas Tschinkel,60436.0,54648.0,Player 0,5788.0,720
68fabb92-9ba1-11f1-b768-0242ac130202,vijaikm,lvisdd,72928.0,79506.0,Player 1,6578.0,720
3bc6ee64-9a7c-11f1-9c2f-0242ac130202,カワシギ,Thomas Tschinkel,140158.0,136743.0,Player 0,3415.0,720
b8f0430a-992c-11f1-a604-0242ac130203,dejavucry,vijaikm,109485.0,92001.0,Player 0,17484.0,720
90261132,Dennis Gioche,Knight of Favonius,0.0,0.0,Tie,0.0,720
a083bc74-4899-11ef-b350-0242ac130202,p0,p1,-1.0,-1.0,Tie,0.0,720
f3418cfc-9a95-11f1-ac29-0242ac130203,カワシギ,Thomas Tschinkel,134912.0,132365.0,Player 0,2547.0,720
63219cb0-992e-11f1-888a-0242ac130204,NIklitaCheporev,vijaikm,107132.0,107518.0,Player 1,386.0,720
94697de6-9565-11f1-9703-0242ac130202,カワシギ,Yoruet,133550.0,122149.0,Player 0,11401.0,720
4d00d4e2-9932-11f1-a484-0242ac130203,cicen1139,vijaikm,88022.0,111215.0,Player 1,23193.0,720
2a86dafa-9622-11f1-9d62-0242ac130202,vijaikm,Cengizhan Tümer,87333.0,102507.0,Player 1,15174.0,720
2ff53598-96c4-11f1-8241-0242ac130203,vijaikm,Jiarui (Jerry) Cao,117701.0,110292.0,Player 0,7409.0,720
792d8f36-992a-11f1-9c4a-0242ac130204,vijaikm,rererenore,105849.0,106238.0,Player 1,389.0,720
b86f02da-94d2-11f1-bf9b-0242ac130204,vijaikm,rigsutra,53072.0,47264.0,Player 0,5808.0,720
a0c12a8c-949b-11f1-a248-0242ac130203,vijaikm,Babul Kumar,4423.0,22295.0,Player 1,17872.0,720
e8a2d4ee-9929-11f1-aee1-0242ac130203,Yaro Perventsev,vijaikm,104707.0,106315.0,Player 1,1608.0,720
ee36cc02-99bb-11f1-aeb5-0242ac130203,Thomas Tschinkel,カワシギ,58999.0,57575.0,Player 0,1424.0,720
aa516c76-9a2a-11f1-b72d-0242ac130203,Thomas Tschinkel,カワシギ,74577.0,71289.0,Player 0,3288.0,720
177ff468-98e9-11f1-9053-0242ac130202,vlavlalva,vijaikm,127836.0,127838.0,Player 1,2.0,720
d1df802a-96ce-11f1-bb26-0242ac130203,vijaikm,Asher Goldstein,118405.0,113671.0,Player 0,4734.0,720
c1abb142-96c4-11f1-b006-0242ac130204,Mikhail_Komkin,vijaikm,71798.0,89599.0,Player 1,17801.0,720
e981d9ba-9a90-11f1-aaab-0242ac130203,カワシギ,Thomas Tschinkel,77204.0,74990.0,Player 0,2214.0,720
bf77c4a0-95bc-11f1-9298-0242ac130204,Ergin Akın,vijaikm,71980.0,88339.0,Player 1,16359.0,720
deca4482-96d8-11f1-bd83-0242ac130204,Nico Feiler,vijaikm,66278.0,77779.0,Player 1,11501.0,720
6ae6a7bc-99a9-11f1-9e4f-0242ac130203,Prime Leo,vijaikm,124522.0,124522.0,Tie,0.0,720
33167918-96d7-11f1-94d1-0242ac130203,hicham bedrani,vijaikm,122394.0,125235.0,Player 1,2841.0,720
90274697,StopPlantingStartGameTheorying,Taehoon Hwang,0.0,0.0,Tie,0.0,720
baf6002e-98a3-11f1-aba7-0242ac130204,vijaikm,Manish modak,136443.0,142248.0,Player 1,5805.0,720
cc17be8a-9923-11f1-b4b7-0242ac130203,Auxileon,vijaikm,76390.0,103344.0,Player 1,26954.0,720
117d38ae-9a84-11f1-9bd9-0242ac130203,Thomas Tschinkel,カワシギ,90627.0,89887.0,Player 0,740.0,720
93dd4ed0-96cc-11f1-ba9d-0242ac130203,Aberrchan,vijaikm,80889.0,84512.0,Player 1,3623.0,720
2bd07cd2-94d2-11f1-b5e1-0242ac130203,Wizard_King,vijaikm,18116.0,16043.0,Player 0,2073.0,720
6cf494c4-98aa-11f1-b3fd-0242ac130204,Haraguchi-T,vijaikm,84265.0,104173.0,Player 1,19908.0,720
8660dec2-949f-11f1-8715-0242ac130204,vijaikm,Fivingone,3638.0,8719.0,Player 1,5081.0,720
00cafa80-99aa-11f1-be9f-0242ac130202,Artem Voronov,vijaikm,85579.0,83194.0,Player 0,2385.0,720
d2d7cc24-992d-11f1-b5a3-0242ac130202,vijaikm,Anaconda,89444.0,90530.0,Player 1,1086.0,720
5b9cb26c-98b7-11f1-a493-0242ac130202,NALLA SUMANG,vijaikm,70016.0,70611.0,Player 1,595.0,720
3d262994-9902-11f1-bfc6-0242ac130203,カワシギ,Thomas Tschinkel,71961.0,73382.0,Player 1,1421.0,720
56749e8e-99ad-11f1-853c-0242ac130202,Himanshu Kumar,vijaikm,110688.0,112080.0,Player 1,1392.0,720
e42bdb0c-9a52-11f1-9481-0242ac130203,Thomas Tschinkel,カワシギ,70156.0,67349.0,Player 0,2807.0,720
90947682,mikelou1,manual player,0.0,0.0,Tie,0.0,720
30f7f53e-9895-11f1-a05e-0242ac130203,Tara Singh Kharwad,vijaikm,29980.0,106128.0,Player 1,76148.0,720
3ab5eeea-98dc-11f1-bd26-0242ac130204,vijaikm,RicardoLópez,54339.0,62593.0,Player 1,8254.0,720
1fc559f8-98b5-11f1-9d2d-0242ac130203,vijaikm,Shuichi Fushimi,80836.0,73186.0,Player 0,7650.0,720
97ad1ade-992b-11f1-8296-0242ac130203,small fry in the underworld,vijaikm,100635.0,100254.0,Player 0,381.0,720
868322e4-96fb-11f1-8172-0242ac130204,vijaikm,harden james,104283.0,104283.0,Tie,0.0,720
15e3ba88-990f-11f1-b977-0242ac130203,Hanh Tran,vijaikm,70436.0,70438.0,Player 1,2.0,720
61aefd36-94cf-11f1-bd5e-0242ac130202,aarav221w,vijaikm,47479.0,53866.0,Player 1,6387.0,720
1797a42e-99ab-11f1-9d9c-0242ac130202,カワシギ,Thomas Tschinkel,119646.0,112951.0,Player 0,6695.0,720
5480fe2a-98b2-11f1-a970-0242ac130203,TS2333,vijaikm,85882.0,101741.0,Player 1,15859.0,720
ab783d2e-9899-11f1-911d-0242ac130204,今日洗澡明日香,vijaikm,55302.0,79114.0,Player 1,23812.0,720
91001774,Rayk Kretzschmar,X-xuhui,0.0,0.0,Tie,0.0,720
0915f2b4-96e7-11f1-a513-0242ac130202,vijaikm,vijaikm,57462.0,57558.0,Player 1,96.0,720
7c3483be-96f6-11f1-a592-0242ac130203,cocoaAI,vijaikm,62474.0,53772.0,Player 0,8702.0,720
b92558d4-9890-11f1-ade0-0242ac130202,Thomas Tschinkel,カワシギ,45023.0,42557.0,Player 0,2466.0,720
54ec266a-9924-11f1-ae3d-0242ac130204,sbol ball,vijaikm,84313.0,92190.0,Player 1,7877.0,720
7f277efe-949a-11f1-aa6d-0242ac130202,kodalien,vijaikm,2223.0,3503.0,Player 1,1280.0,720
3e5b824a-9a43-11f1-8e12-0242ac130204,Thomas Tschinkel,カワシギ,98524.0,98137.0,Player 0,387.0,720
a07baa5e-9930-11f1-9c24-0242ac130204,SirShifu,vijaikm,108003.0,108828.0,Player 1,825.0,720
b0641e18-96f3-11f1-ba6a-0242ac130202,Charismatic Pizza Party🍕,vijaikm,32215.0,47457.0,Player 1,15242.0,720
fccbdd8e-96ff-11f1-96e7-0242ac130203,vijaikm,SHAURYA SHARMA,147043.0,145023.0,Player 0,2020.0,720
782efeae-4d6d-11ef-a55c-0242ac130202,p0,p1,-1.0,-1.0,Tie,0.0,720
9ee51374-987c-11f1-86fc-0242ac130204,vijaikm,HechtJP,56254.0,56254.0,Tie,0.0,720
879fb722-96e8-11f1-8c3d-0242ac130203,yuken,vijaikm,41308.0,88373.0,Player 1,47065.0,720
e6c395ee-9b92-11f1-b5ec-0242ac130204,Calmracer,vijaikm,111212.0,103324.0,Player 0,7888.0,720
8f1ff818-98b4-11f1-9a5f-0242ac130203,Kunal Desale,vijaikm,64457.0,68922.0,Player 1,4465.0,720
f9e85e04-9933-11f1-b6f3-0242ac130204,vijaikm,hinemos,105844.0,103278.0,Player 0,2566.0,720
d0ba88fc-449b-11ef-9e75-0242ac130202,p0,p1,1.0,-1.0,Player 0,2.0,720
c59e0dce-98b1-11f1-89ee-0242ac130202,Arul Prasad S P,vijaikm,134086.0,134088.0,Player 1,2.0,720
a0e209bc-4a58-11ef-8161-0242ac130202,p0,p1,1.0,-1.0,Player 0,2.0,720
e45265f2-978b-11f1-bac0-0242ac130203,vijaikm,Akhilesh godugu,81291.0,83098.0,Player 1,1807.0,720
2f39d7a2-9931-11f1-8ecd-0242ac130204,Justin Mai 16,vijaikm,56143.0,56355.0,Player 1,212.0,720
ee1f5ba6-96cf-11f1-90e9-0242ac130202,Roshan Singh,vijaikm,88181.0,96314.0,Player 1,8133.0,720
6b6694a2-9933-11f1-bf1d-0242ac130202,test_money,vijaikm,106526.0,109196.0,Player 1,2670.0,720
4100a354-96ce-11f1-b44f-0242ac130203,vijaikm,Sere1n,99509.0,91350.0,Player 0,8159.0,720
cc3dbb92-9b96-11f1-8c85-0242ac130203,aashka,vijaikm,122441.0,113431.0,Player 0,9010.0,720
90864afc-98ed-11f1-9759-0242ac130203,vijaikm,Jiachen Li,82088.0,72007.0,Player 0,10081.0,720
8d953eb0-4c51-11ef-8056-0242ac130202,p0,p1,1.0,-1.0,Player 0,2.0,720
b5bcbaee-98f3-11f1-a293-0242ac130204,vijaikm,awarse,127382.0,128630.0,Player 1,1248.0,720
c02cd224-9895-11f1-8199-0242ac130203,vijaikm,lzeee,111220.0,43642.0,Player 0,67578.0,720
3cbecdaa-9928-11f1-a20c-0242ac130203,vijaikm,Zhao Liying,83916.0,83736.0,Player 0,180.0,720
bf6870bc-991e-11f1-9986-0242ac130202,vijaikm,Harith Al-Ani,104435.0,37126.0,Player 0,67309.0,720
86bbbc4e-9921-11f1-9871-0242ac130204,vijaikm,Keanan,82317.0,70428.0,Player 0,11889.0,720
28cb6f48-992c-11f1-8b9f-0242ac130204,vijaikm,Inna Campo,75428.0,75175.0,Player 0,253.0,720
29a91512-9b9a-11f1-a719-0242ac130202,vijaikm,JovanaLab,132839.0,136861.0,Player 1,4022.0,720
ee6d33b0-987a-11f1-9e9e-0242ac130203,Thomas Tschinkel,カワシギ,78690.0,78313.0,Player 0,377.0,720
5d8c3ad4-96f5-11f1-965f-0242ac130204,Kameron Green,vijaikm,75608.0,79696.0,Player 1,4088.0,720
3608313c-9936-11f1-8e67-0242ac130202,supr3mum,vijaikm,89688.0,89635.0,Player 0,53.0,720
d69ca1c4-96d3-11f1-a3f8-0242ac130203,Thu Nguyen,vijaikm,54480.0,62559.0,Player 1,8079.0,720
9ebe1b12-98e4-11f1-a264-0242ac130202,vijaikm,Isaac Grossman,135050.0,134824.0,Player 0,226.0,720
fb8cccce-98aa-11f1-84f6-0242ac130204,yankang_XZK,vijaikm,98109.0,116089.0,Player 1,17980.0,720
36751b0c-9923-11f1-a524-0242ac130203,vijaikm,hangglider5,113044.0,110732.0,Player 0,2312.0,720
1ad340ba-9935-11f1-8f3d-0242ac130203,Sean Zhang,vijaikm,127809.0,137801.0,Player 1,9992.0,720
6ea3b392-95ec-11f1-ba63-0242ac130202,Aghazie David,vijaikm,31558.0,63353.0,Player 1,31795.0,720
41d2da30-96bb-11f1-9ef9-0242ac130202,vijaikm,IsaacJinyu,91243.0,50307.0,Player 0,40936.0,720
00e20c92-9898-11f1-8667-0242ac130203,vijaikm,Nerijus Areska,67959.0,48531.0,Player 0,19428.0,720
f08e3a28-9a95-11f1-95de-0242ac130203,カワシギ,Thomas Tschinkel,83322.0,88167.0,Player 1,4845.0,720
a3e96098-9a46-11f1-96fc-0242ac130204,カワシギ,Thomas Tschinkel,85786.0,88298.0,Player 1,2512.0,720
b31cd10e-9a72-11f1-a75a-0242ac130202,Thomas Tschinkel,カワシギ,73331.0,74659.0,Player 1,1328.0,720
3dd5cd72-9902-11f1-a232-0242ac130203,カワシギ,Thomas Tschinkel,67062.0,56928.0,Player 0,10134.0,720
eb11eafe-9a90-11f1-b23d-0242ac130204,Thomas Tschinkel,カワシギ,85472.0,90326.0,Player 1,4854.0,720
100e4740-949b-11f1-b5b6-0242ac130202,vijaikm,Phúc Phạm,6630.0,54209.0,Player 1,47579.0,720
b73d0c5c-45c6-11ef-9f6c-0242ac130202,p0,p1,-1.0,1.0,Player 1,2.0,720
a9b25578-9935-11f1-9978-0242ac130203,vijaikm,Kashyapsinh gohil,78584.0,78825.0,Player 1,241.0,720
01f8169c-9926-11f1-8e52-0242ac130204,vijaikm,maoyuan ma,63555.0,62507.0,Player 0,1048.0,720
7c9e2434-96d0-11f1-95b1-0242ac130204,vijaikm,Grzegorz Sionkowski,132075.0,126374.0,Player 0,5701.0,720
17d921a8-9922-11f1-993d-0242ac130203,vijaikm,141,59182.0,45050.0,Player 0,14132.0,720
2652d618-96cd-11f1-88ef-0242ac130204,vijaikm,Touhidul Alam Seyam,68354.0,59779.0,Player 0,8575.0,720
1c35443e-9701-11f1-b226-0242ac130202,Ddere008,vijaikm,122231.0,103822.0,Player 0,18409.0,720
77ddc1a2-94d2-11f1-ad22-0242ac130204,vijaikm,vijaikm,52920.0,52879.0,Player 0,41.0,720
57404c58-9937-11f1-8db3-0242ac130202,vijaikm,Cultuurstelsel,81570.0,54665.0,Player 0,26905.0,720
f73c6856-98ae-11f1-a335-0242ac130204,t.me/aetheranime,vijaikm,96111.0,113770.0,Player 1,17659.0,720
f9854134-9933-11f1-bc8c-0242ac130204,Tomoki Hirose,vijaikm,103327.0,108990.0,Player 1,5663.0,720
21f8b0f6-989e-11f1-b565-0242ac130204,Pengyi Peng1,vijaikm,78384.0,76192.0,Player 0,2192.0,720
47fa37f8-94d3-11f1-8e1f-0242ac130203,Agricroporation,vijaikm,62304.0,54066.0,Player 0,8238.0,720
d4719152-989f-11f1-aa94-0242ac130204,Siddhu Jaykay,vijaikm,72817.0,90571.0,Player 1,17754.0,720
9f661374-991d-11f1-9865-0242ac130204,vijaikm,XDang13,113442.0,109085.0,Player 0,4357.0,720
9883b0f6-9905-11f1-9446-0242ac130203,vijaikm,Lynxx,97221.0,97121.0,Player 0,100.0,720
23611810-9566-11f1-9d59-0242ac130202,vijaikm,Hubbahub,50479.0,43212.0,Player 0,7267.0,720
a359edc0-96fc-11f1-aa19-0242ac130203,vijaikm,YujieXing10,89490.0,86110.0,Player 0,3380.0,720
5a3f731e-9862-11f1-9f00-0242ac130204,vijaikm,anthony sinchi,68665.0,38874.0,Player 0,29791.0,720
6d9fad4a-9897-11f1-8243-0242ac130204,vijaikm,ocean240812,83251.0,48605.0,Player 0,34646.0,720
ed8ca91a-4bad-11ef-b5ab-0242ac130202,p0,p1,-1.0,-1.0,Tie,0.0,720
a950f998-96ee-11f1-a17a-0242ac130203,ywwywww,vijaikm,98298.0,119144.0,Player 1,20846.0,720
1512f15e-97d5-11f1-9463-0242ac130203,researchstudio.site,カワシギ,88506.0,88146.0,Player 0,360.0,720
90295601,Dennis Gioche,somewhere after,0.0,0.0,Tie,0.0,720
87809288-98fb-11f1-874e-0242ac130203,vijaikm,evnchn,116155.0,116155.0,Tie,0.0,720
993dd4e0-443e-11ef-bc3b-0242ac130202,p0,p1,-1.0,-1.0,Tie,0.0,720
00da336e-96c7-11f1-aa69-0242ac130203,TAUIL Abd Elilah,vijaikm,52232.0,72125.0,Player 1,19893.0,720
16abc74e-98b0-11f1-888d-0242ac130202,pns,vijaikm,89144.0,107436.0,Player 1,18292.0,720
553a5812-9924-11f1-83ab-0242ac130202,cszf_first,vijaikm,39828.0,56792.0,Player 1,16964.0,720
861e379c-96d5-11f1-ab06-0242ac130204,Bang sion,vijaikm,87674.0,93928.0,Player 1,6254.0,720
f52f2382-952f-11f1-8b9b-0242ac130204,Alejandro Betato,vijaikm,60720.0,56199.0,Player 0,4521.0,720
aff99008-9927-11f1-9c78-0242ac130204,vijaikm,webmaking,102340.0,102328.0,Player 0,12.0,720
795ae45e-992a-11f1-876e-0242ac130204,Jakub Dolének,vijaikm,80210.0,98584.0,Player 1,18374.0,720
e316a7d8-97dc-11f1-91b9-0242ac130202,カワシギ,researchstudio.site,111662.0,97146.0,Player 0,14516.0,720
2959a832-96d2-11f1-9b74-0242ac130202,Sebastian Johansson,vijaikm,83590.0,98125.0,Player 1,14535.0,720
af6e9502-9927-11f1-83d5-0242ac130203,MaxChen303,vijaikm,107325.0,110925.0,Player 1,3600.0,720
b882d15c-96f8-11f1-8441-0242ac130204,vijaikm,Indar Karhana,85955.0,104254.0,Player 1,18299.0,720
c5ce3c12-9a8a-11f1-b9cc-0242ac130203,カワシギ,Thomas Tschinkel,66895.0,65102.0,Player 0,1793.0,720
7e45c960-9543-11f1-b4a3-0242ac130203,hikaru kitagawa,vijaikm,38367.0,53651.0,Player 1,15284.0,720
e0c45752-9924-11f1-bd80-0242ac130203,vijaikm,Yeswanthperni,103422.0,88781.0,Player 0,14641.0,720
98b9926e-98df-11f1-b59b-0242ac130203,vijaikm,daoviet,76041.0,81602.0,Player 1,5561.0,720
91136455,Jacob Alstrup,Aberrchan,0.0,0.0,Tie,0.0,720
6526de62-992e-11f1-8abe-0242ac130204,vijaikm,Igor Zharov,87223.0,85018.0,Player 0,2205.0,720
a8f47b7c-98ac-11f1-9dc0-0242ac130203,vijaikm,Dmitry Bardonov,114730.0,108656.0,Player 0,6074.0,720
90297085,somewhere after,Mohamed abdelrazik,0.0,0.0,Tie,0.0,720
0c61fa28-449e-11ef-9f3b-0242ac130202,p0,p1,-1.0,1.0,Player 1,2.0,720
e4bc1ada-9937-11f1-88c0-0242ac130203,Saravana Rajan B,vijaikm,67319.0,68414.0,Player 1,1095.0,720
e3f9bae6-9782-11f1-91da-0242ac130202,vijaikm,Agzam,79680.0,58805.0,Player 0,20875.0,720
e4bd38d4-9937-11f1-aee1-0242ac130203,SahilKumarTolani,vijaikm,114118.0,114445.0,Player 1,327.0,720
e1e2cf9a-45d1-11ef-96d4-0242ac130202,p0,p1,-1.0,1.0,Player 1,2.0,720
4f029736-96c5-11f1-b8ff-0242ac130202,Lujia Liang,vijaikm,86785.0,92657.0,Player 1,5872.0,720
91132264,umair zia,Aberrchan,0.0,0.0,Tie,0.0,720
fa671342-9920-11f1-b8c5-0242ac130204,radiant-allomancer,vijaikm,136049.0,152369.0,Player 1,16320.0,720
51c1977c-96fe-11f1-a3de-0242ac130203,vijaikm,yaphanqiii,89711.0,79717.0,Player 0,9994.0,720
9423a778-974d-11f1-a92c-0242ac130204,Syed Muhammad Gillani,vijaikm,141179.0,127441.0,Player 0,13738.0,720
0ffe68e8-9522-11f1-a2a5-0242ac130202,vijaikm,vijaikm,29385.0,29557.0,Player 1,172.0,720
8e906aac-95cd-11f1-9331-0242ac130204,vijaikm,cubreto,56126.0,72205.0,Player 1,16079.0,720
5a4ce65c-9632-11f1-88fd-0242ac130204,vijaikm,Harish K,60343.0,69670.0,Player 1,9327.0,720
5684bfa4-96f0-11f1-9cca-0242ac130203,yarneo,vijaikm,55511.0,43671.0,Player 0,11840.0,720
4053e6b6-96f4-11f1-991b-0242ac130203,Siddhu Jaykay,vijaikm,63197.0,65131.0,Player 1,1934.0,720
a28a7420-96c3-11f1-a36b-0242ac130204,Monster,vijaikm,62795.0,88981.0,Player 1,26186.0,720
395b430e-98b1-11f1-9e35-0242ac130204,vijaikm,Dimas Pasha Akrilian,67687.0,67685.0,Player 0,2.0,720
77744826-9833-11f1-902c-0242ac130202,Thần Thoại,vijaikm,82350.0,82567.0,Player 1,217.0,720
54862aac-98fe-11f1-a2f0-0242ac130203,ZhouYongqi,vijaikm,111200.0,103655.0,Player 0,7545.0,720
c793748e-94c9-11f1-8ca3-0242ac130202,JeremiahMannings,vijaikm,74964.0,54996.0,Player 0,19968.0,720
c319f982-9627-11f1-a08e-0242ac130203,vijaikm,curiosity,47691.0,56855.0,Player 1,9164.0,720
c7a44b00-98a8-11f1-8c3f-0242ac130203,Kamazarashi,vijaikm,140894.0,140896.0,Player 1,2.0,720
0ec0fe82-990a-11f1-8329-0242ac130204,vijaikm,Witold Dziurdz,68894.0,82232.0,Player 1,13338.0,720
65ab5b20-96c1-11f1-acca-0242ac130203,vijaikm,Hanaro,114561.0,142525.0,Player 1,27964.0,720
af6cfea6-96cd-11f1-a731-0242ac130203,vijaikm,Nikola010,99220.0,91747.0,Player 0,7473.0,720
4255659a-98e1-11f1-b2b6-0242ac130204,Bharath,vijaikm,123497.0,131920.0,Player 1,8423.0,720
80637978-96aa-11f1-a317-0242ac130202,vijaikm,Vishal Sharma,73626.0,76686.0,Player 1,3060.0,720
4f100ee0-96eb-11f1-8862-0242ac130203,Abdoulaye DIAW,vijaikm,56796.0,66070.0,Player 1,9274.0,720
07ef6a54-98b9-11f1-86c6-0242ac130204,SHAURYA SHARMA,vijaikm,93515.0,110239.0,Player 1,16724.0,720
7e7da752-98f6-11f1-8853-0242ac130202,カワシギ,Thomas Tschinkel,109659.0,103765.0,Player 0,5894.0,720
91164788,Jince,Aberrchan,0.0,0.0,Tie,0.0,720
834c52f4-992f-11f1-b81d-0242ac130204,Ryan Myers,vijaikm,53238.0,53546.0,Player 1,308.0,720
7fc0013a-98d0-11f1-ac16-0242ac130203,Jasmeen,vijaikm,99530.0,73970.0,Player 0,25560.0,720
4d3d7a08-98ad-11f1-9f6f-0242ac130203,vijaikm,Andrey Chankin,89175.0,91435.0,Player 1,2260.0,720
4fc487de-96d8-11f1-a2b3-0242ac130204,xlnt,vijaikm,98847.0,109767.0,Player 1,10920.0,720
1cd444d0-9701-11f1-ae2b-0242ac130204,vijaikm,KodamaSec Labs LTD,122168.0,122168.0,Tie,0.0,720
6dc1fe8e-9920-11f1-a396-0242ac130202,masb,vijaikm,76831.0,102635.0,Player 1,25804.0,720
34c881ea-991e-11f1-a051-0242ac130202,Swaroop piduguralla,vijaikm,10590.0,153477.0,Player 1,142887.0,720
ae32dc74-98b5-11f1-87c4-0242ac130202,vijaikm,Enes Coşkun,75119.0,62368.0,Player 0,12751.0,720
426a68ac-96e1-11f1-8a80-0242ac130203,wenjinyang,vijaikm,123993.0,129905.0,Player 1,5912.0,720
19b6d960-96ee-11f1-836a-0242ac130204,Syed Asad Ali,vijaikm,110243.0,125713.0,Player 1,15470.0,720
7037c29c-98b3-11f1-b7e4-0242ac130203,vijaikm,Gordeev Max,76139.0,60567.0,Player 0,15572.0,720
c9548df6-989a-11f1-b045-0242ac130203,vijaikm,OnlyFarms,79909.0,85463.0,Player 1,5554.0,720
aa721f04-9582-11f1-a985-0242ac130202,Kaito Fukami,Victor @ Tufa Labs,154941.0,152293.0,Player 0,2648.0,720
378ffdaa-9936-11f1-a4f3-0242ac130203,Jonathan Zheng Jiahao,vijaikm,91639.0,91384.0,Player 0,255.0,720
7e7fcc44-98f6-11f1-b6b4-0242ac130203,Thomas Tschinkel,カワシギ,61446.0,56316.0,Player 0,5130.0,720
4714fe24-96c0-11f1-8a6a-0242ac130204,Yihan Guo,vijaikm,70953.0,128790.0,Player 1,57837.0,720
dd555d46-991f-11f1-a440-0242ac130204,vijaikm,Vishnu R Mohan,121646.0,70231.0,Player 0,51415.0,720
1b8788e0-95c0-11f1-9286-0242ac130203,fistyee,Kaito Fukami,145008.0,130518.0,Player 0,14490.0,720
91132072,Roman Rozen,Aberrchan,0.0,0.0,Tie,0.0,720
0bfeca04-96f7-11f1-8d37-0242ac130204,vijaikm,luna is free！,88799.0,78994.0,Player 0,9805.0,720
4d9a7d3a-969f-11f1-a473-0242ac130203,vijaikm,Team Name,35307.0,103464.0,Player 1,68157.0,720
cd0f030c-9928-11f1-a7e0-0242ac130203,vijaikm,Alex,64482.0,67348.0,Player 1,2866.0,720
79c98ff2-9633-11f1-a5ff-0242ac130204,vijaikm,Syed Shayan Ali Shah,65585.0,78188.0,Player 1,12603.0,720
8d2e729e-96c7-11f1-a35d-0242ac130202,Faruk Çiftler,vijaikm,71065.0,91849.0,Player 1,20784.0,720
91f1bc3c-989d-11f1-bb7f-0242ac130203,vijaikm,DePie,99464.0,83893.0,Player 0,15571.0,720
e32662f6-9924-11f1-8bab-0242ac130203,Sangita Bannore,vijaikm,38773.0,51553.0,Player 1,12780.0,720
4dd415a4-991f-11f1-a348-0242ac130203,vijaikm,Gmmastermind,158761.0,84927.0,Player 0,73834.0,720
14f7bfc0-94c3-11f1-9217-0242ac130204,Aotokitsuruya,vijaikm,5233.0,55076.0,Player 1,49843.0,720
9c14830c-98a2-11f1-bc6b-0242ac130202,vijaikm,James Mcquay,47272.0,39348.0,Player 0,7924.0,720
5e421562-9929-11f1-a9ef-0242ac130203,vijaikm,Arfin Mustofa,91205.0,88553.0,Player 0,2652.0,720
2898f5a4-992c-11f1-b124-0242ac130204,vijaikm,Tran H Hoang,146639.0,147867.0,Player 1,1228.0,720
4e3c0e1a-9790-11f1-8b26-0242ac130202,vijaikm,Rockstar Farmer,79384.0,62978.0,Player 0,16406.0,720
6f2efa94-9572-11f1-a519-0242ac130203,Ryota Murai,vijaikm,50132.0,60185.0,Player 1,10053.0,720
67d72854-949e-11f1-ae04-0242ac130204,Azamat Sadikov,vijaikm,3045.0,6074.0,Player 1,3029.0,720
91e33912-9926-11f1-b905-0242ac130202,vijaikm,Kevin Zhao,75430.0,76697.0,Player 1,1267.0,720
9764bc9e-992b-11f1-942d-0242ac130203,vijaikm,Mohammed Nomaan,93125.0,92739.0,Player 0,386.0,720
e2eb794c-98b2-11f1-a030-0242ac130203,Kendamarron,vijaikm,55116.0,66721.0,Player 1,11605.0,720
2b09e660-98a3-11f1-adb2-0242ac130202,vijaikm,Chukunder,92782.0,78389.0,Player 0,14393.0,720
215f78b0-46ec-11ef-a92b-0242ac130202,p0,p1,-1.0,-1.0,Tie,0.0,720
6b1d6bd6-96ec-11f1-b104-0242ac130203,vijaikm,Roman Tamrazov 52,106031.0,89286.0,Player 0,16745.0,720
a4f87e48-98b0-11f1-ac27-0242ac130203,vijaikm,Juandix,126251.0,121520.0,Player 0,4731.0,720
737fc9ca-96cb-11f1-9087-0242ac130203,vijaikm,t3l3k3n3sis,93441.0,89036.0,Player 0,4405.0,720
c354594e-9936-11f1-a8de-0242ac130202,vijaikm,Heikki Leskelä,86147.0,84529.0,Player 0,1618.0,720
8aa98194-96c2-11f1-8d20-0242ac130203,AM,vijaikm,81117.0,55203.0,Player 0,25914.0,720
c6dfd2f0-9936-11f1-9fba-0242ac130204,vijaikm,StephenNedumpally,98848.0,92468.0,Player 0,6380.0,720
c227c6c0-98fd-11f1-87ea-0242ac130204,Yike Xu,vijaikm,111140.0,110827.0,Player 0,313.0,720
8cbc0aca-96da-11f1-805b-0242ac130202,vijaikm,MightyK,101042.0,95246.0,Player 0,5796.0,720
d0876886-96bb-11f1-9279-0242ac130203,S4K50M,vijaikm,116028.0,140280.0,Player 1,24252.0,720
90293309,Seb (allegedly),somewhere after,0.0,0.0,Tie,0.0,720
128dd354-98a7-11f1-9a17-0242ac130204,Yan,vijaikm,81411.0,100636.0,Player 1,19225.0,720
d795434e-94d3-11f1-be88-0242ac130203,FieldOps,vijaikm,11865.0,60643.0,Player 1,48778.0,720
75b8239a-989c-11f1-bf03-0242ac130204,vijaikm,Raef Guizani,63881.0,93251.0,Player 1,29370.0,720
2833131e-96f8-11f1-9d8d-0242ac130203,vijaikm,Marco DG,127547.0,124924.0,Player 0,2623.0,720
90233445,wenyuan Guo,senkin13,0.0,0.0,Tie,0.0,720
b0ed5b40-96cd-11f1-9fdb-0242ac130203,chunluran,vijaikm,87914.0,83947.0,Player 0,3967.0,720
ce67823a-98ef-11f1-bdf0-0242ac130204,nasu726,vijaikm,131305.0,136716.0,Player 1,5411.0,720
588a2fa0-96f0-11f1-9023-0242ac130203,vijaikm,Ashok Kumar Garain,50182.0,33067.0,Player 0,17115.0,720
df850cf0-96eb-11f1-a343-0242ac130204,Goober,vijaikm,69031.0,79958.0,Player 1,10927.0,720
c9dfe6a6-9923-11f1-a8ee-0242ac130203,vijaikm,Omkar Kadam,66111.0,53604.0,Player 0,12507.0,720
8c06be68-96da-11f1-8ed8-0242ac130202,JOSHUA EDWIN JACOB V 24F,vijaikm,104180.0,79937.0,Player 0,24243.0,720
70add74e-97a4-11f1-b40f-0242ac130203,カワシギ,researchstudio.site,82268.0,76827.0,Player 0,5441.0,720
382c795c-95ec-11f1-a6d1-0242ac130202,vijaikm,vijaikm,47077.0,45517.0,Player 0,1560.0,720
48adac24-95d3-11f1-9714-0242ac130203,Game_khó_vkl,vijaikm,68737.0,44995.0,Player 0,23742.0,720
90274719,Winter Lamb,Knight of Favonius,0.0,0.0,Tie,0.0,720
f9014058-949e-11f1-b2eb-0242ac130202,Vishwa,vijaikm,20053.0,4748.0,Player 0,15305.0,720
beefe3aa-9931-11f1-8c60-0242ac130203,KeHao Liu,vijaikm,96762.0,103734.0,Player 1,6972.0,720
4169f216-99ba-11f1-a334-0242ac130202,カワシギ,Thomas Tschinkel,91046.0,94014.0,Player 1,2968.0,720
9eb21918-9a5e-11f1-b12b-0242ac130202,Thomas Tschinkel,カワシギ,50677.0,57087.0,Player 1,6410.0,720
f3741272-9779-11f1-8197-0242ac130203,カワシギ,researchstudio.site,48600.0,49317.0,Player 1,717.0,720
b5eae72a-99a2-11f1-8de2-0242ac130202,Thomas Tschinkel,カワシギ,57181.0,53712.0,Player 0,3469.0,720
3c5e101a-97ba-11f1-b7b9-0242ac130204,カワシギ,researchstudio.site,85554.0,82376.0,Player 0,3178.0,720
3311b1d6-9a69-11f1-9e1a-0242ac130203,カワシギ,Thomas Tschinkel,131677.0,130858.0,Player 0,819.0,720
de578aaa-99a8-11f1-84c8-0242ac130204,カワシギ,Thomas Tschinkel,68423.0,72724.0,Player 1,4301.0,720
89e1e0ae-977f-11f1-afda-0242ac130204,researchstudio.site,カワシギ,76999.0,81217.0,Player 1,4218.0,720
636959ac-9a36-11f1-9872-0242ac130203,カワシギ,Thomas Tschinkel,115422.0,115474.0,Player 1,52.0,720
364b15be-9923-11f1-ab6e-0242ac130202,Chirantan Bhardwaj,vijaikm,48876.0,65341.0,Player 1,16465.0,720
03816a9e-98b4-11f1-b8f7-0242ac130203,vijaikm,Artyom Lyan,68563.0,70295.0,Player 1,1732.0,720
e5af9848-96f0-11f1-9525-0242ac130203,vijaikm,noobanot,104245.0,103994.0,Player 0,251.0,720
755c650a-989c-11f1-bdd1-0242ac130204,Rucbic,vijaikm,88109.0,103558.0,Player 1,15449.0,720
0624aee4-96cc-11f1-9fcc-0242ac130204,namanbnsl,vijaikm,127877.0,138406.0,Player 1,10529.0,720
9bfb583c-45cf-11ef-99a3-0242ac130202,p0,p1,-1.0,-1.0,Tie,0.0,720
3eb40b24-98b6-11f1-a3cb-0242ac130203,habe.sq,vijaikm,52983.0,64999.0,Player 1,12016.0,720
96dca3fa-9565-11f1-83e5-0242ac130202,vijaikm,Aryaman Chokhani,76758.0,29005.0,Player 0,47753.0,720
ea168d20-4534-11ef-b24c-0242ac130203,p0,p1,-1.0,1.0,Player 1,2.0,720
91279669,Mengfei Li,spellstriker,0.0,0.0,Tie,0.0,720
997a840e-991d-11f1-aaa9-0242ac130203,vijaikm,vijaikm,53126.0,54244.0,Player 1,1118.0,720
e2177b24-98b2-11f1-9af6-0242ac130202,vijaikm,Filippo Gombac,80396.0,65030.0,Player 0,15366.0,720
d426f73c-989f-11f1-adf7-0242ac130203,vijaikm,Artyom Lyan,105371.0,111963.0,Player 1,6592.0,720
30443e34-96fd-11f1-812e-0242ac130204,Andrei Chulkov,vijaikm,76875.0,70449.0,Player 0,6426.0,720
abbc62e6-4bad-11ef-8f8f-0242ac130202,p0,p1,-1.0,-1.0,Tie,0.0,720
b307b388-97ab-11f1-aaf2-0242ac130203,researchstudio.site,カワシギ,88901.0,95483.0,Player 1,6582.0,720
5dbcc1d2-9929-11f1-908d-0242ac130204,vijaikm,Leifson1337,117167.0,106951.0,Player 0,10216.0,720
4cf381f2-98d3-11f1-8d00-0242ac130202,Pulak Kanti Bhowmick,vijaikm,120764.0,114656.0,Player 0,6108.0,720
8d8421ca-9934-11f1-bc31-0242ac130203,vijaikm,nekoha,134927.0,132177.0,Player 0,2750.0,720
c8532998-98d7-11f1-8a59-0242ac130203,vijaikm,Isaac Grossman,105048.0,100603.0,Player 0,4445.0,720
1bcecc40-95ee-11f1-a579-0242ac130203,PYD966,vijaikm,147173.0,47162.0,Player 0,100011.0,720
310c030e-98a8-11f1-9bd5-0242ac130203,Tariku Mehdi,vijaikm,135009.0,134110.0,Player 0,899.0,720
5581c1ae-989b-11f1-bea8-0242ac130202,vijaikm,Mohit Rao,97834.0,75579.0,Player 0,22255.0,720
3d5baad2-98ef-11f1-b6be-0242ac130202,vijaikm,Filippo Gombac,93664.0,74050.0,Player 0,19614.0,720
8f3257a6-96ed-11f1-8913-0242ac130203,vijaikm,Onelux,109583.0,76357.0,Player 0,33226.0,720
477ff232-992d-11f1-bc2d-0242ac130202,vijaikm,Saravana Rajan B,112731.0,107321.0,Player 0,5410.0,720
7528e6d2-96f1-11f1-b872-0242ac130202,spellstriker,vijaikm,76645.0,74645.0,Player 0,2000.0,720
90354967,Soobin An,somewhere after,0.0,0.0,Tie,0.0,720
89c4e50e-98af-11f1-ab73-0242ac130203,sky machine,vijaikm,110834.0,111654.0,Player 1,820.0,720
eae7d63e-98a0-11f1-8037-0242ac130203,vijaikm,Fajri Yanuar Shiddiq Juanda,84966.0,84964.0,Player 0,2.0,720
d9d3b59a-949d-11f1-9da3-0242ac130204,Hilarus,vijaikm,3000.0,7430.0,Player 1,4430.0,720
46832cbe-992d-11f1-95f5-0242ac130203,vijaikm,pns,128090.0,124754.0,Player 0,3336.0,720
db2b2b3c-9932-11f1-91b1-0242ac130204,vijaikm,Dr Chandrasen Pandey,51968.0,44535.0,Player 0,7433.0,720
d9f41eb2-98c0-11f1-a9cf-0242ac130203,vijaikm,DL,60141.0,60181.0,Player 1,40.0,720
37f7cd36-9936-11f1-9614-0242ac130203,vijaikm,Liquidus,106595.0,92644.0,Player 0,13951.0,720
0b6a1e34-96d1-11f1-96df-0242ac130203,SZ_00_zyz,vijaikm,75941.0,59431.0,Player 0,16510.0,720
de0ead80-99a8-11f1-80f5-0242ac130204,vijaikm,Sébastien Mametz (Pixs),118484.0,114415.0,Player 0,4069.0,720
d06b99c2-957a-11f1-bf85-0242ac130202,vijaikm,Zhian Wei,49032.0,37858.0,Player 0,11174.0,720
4cb9ad0c-96c5-11f1-9454-0242ac130203,vijaikm,batuhan kalem,87850.0,71627.0,Player 0,16223.0,720
fce16776-4a4e-11ef-a7b3-0242ac130202,p0,p1,-1.0,-1.0,Tie,0.0,720
0fe8b5ae-987c-11f1-bde9-0242ac130202,vijaikm,Sangita Bannore,73631.0,60030.0,Player 0,13601.0,720
f3df59b8-992e-11f1-bc76-0242ac130202,CemBas,vijaikm,133250.0,133936.0,Player 1,686.0,720
584bccca-4d6d-11ef-95d5-0242ac130202,p0,p1,-1.0,-1.0,Tie,0.0,720
f4cd6a44-96fa-11f1-81fd-0242ac130203,Re2lawd,vijaikm,72540.0,63293.0,Player 0,9247.0,720
b31cea88-9566-11f1-81dc-0242ac130204,vijaikm,DeokJin,60582.0,84146.0,Player 1,23564.0,720
b982e542-94d2-11f1-bcf8-0242ac130204,Lucas Ferreira,vijaikm,25580.0,34125.0,Player 1,8545.0,720
460d388a-98a4-11f1-abcc-0242ac130204,Justin CH123,vijaikm,108673.0,142131.0,Player 1,33458.0,720
acb6b0e6-9914-11f1-af32-0242ac130203,JM,vijaikm,107256.0,101493.0,Player 0,5763.0,720
66b8d41c-98a5-11f1-b865-0242ac130203,vijaikm,Sky kun,125092.0,101604.0,Player 0,23488.0,720
50c4d4ae-98a9-11f1-b0f1-0242ac130202,riicon,vijaikm,99381.0,123775.0,Player 1,24394.0,720
3cc7d6b6-9928-11f1-b0ed-0242ac130203,Artyom Lyan,vijaikm,107145.0,106054.0,Player 0,1091.0,720
ae3945b0-98c8-11f1-9fe0-0242ac130202,旧楚狂人,vijaikm,90030.0,90646.0,Player 1,616.0,720
90946120,Wufang Hong,manual player,0.0,0.0,Tie,0.0,720
01900aa4-9834-11f1-9fa1-0242ac130202,vijaikm,HunterBlue,84902.0,87094.0,Player 1,2192.0,720
a9f1112a-9582-11f1-b871-0242ac130202,vijaikm,fgwiebfaoish,62628.0,110835.0,Player 1,48207.0,720
85454d06-98a6-11f1-80da-0242ac130202,Feng Jiahui,vijaikm,76753.0,90685.0,Player 1,13932.0,720
eb67c9c2-98b7-11f1-8acb-0242ac130203,vijaikm,Koushik Rudra,105840.0,88148.0,Player 0,17692.0,720
46f538ae-992d-11f1-ae83-0242ac130203,vijaikm,RS Turley,66089.0,67474.0,Player 1,1385.0,720
fb730908-9920-11f1-8282-0242ac130204,vijaikm,Christoffer Thimsen,104850.0,54403.0,Player 0,50447.0,720
5dae5340-9929-11f1-8ed9-0242ac130202,vijaikm,Keisuke,72989.0,73905.0,Player 1,916.0,720
0fd4f1ea-9930-11f1-aafc-0242ac130204,kevin park,vijaikm,139834.0,136816.0,Player 0,3018.0,720
899c8de4-9921-11f1-825b-0242ac130204,HIDEYO CHIBA,vijaikm,56061.0,76137.0,Player 1,20076.0,720
079b0938-9877-11f1-b9e0-0242ac130202,vijaikm,Heikki Leskelä,114387.0,115107.0,Player 1,720.0,720
f207e3c2-96c1-11f1-b8f5-0242ac130204,vijaikm,tawashi,99507.0,71008.0,Player 0,28499.0,720
fe24afb2-95ec-11f1-b60e-0242ac130203,SIDHAARTH SHREE,vijaikm,63693.0,61519.0,Player 0,2174.0,720
53ef57d2-9703-11f1-b4fd-0242ac130203,vijaikm,Muhammad Imran,116593.0,137867.0,Player 1,21274.0,720
91144403,Komil Parmar,Aberrchan,0.0,0.0,Tie,0.0,720
d73ce3e6-4bad-11ef-9bda-0242ac130202,p0,p1,-1.0,1.0,Player 1,2.0,720
91046226,Forrest,manual player,0.0,0.0,Tie,0.0,720
0657e3d4-992b-11f1-8e9d-0242ac130202,Rômulo Siqueira,vijaikm,64895.0,65763.0,Player 1,868.0,720
9f8430a4-5255-11ef-a5d3-0242ac130202,p0,p1,-1.0,-1.0,Tie,0.0,720
d4f236b6-992d-11f1-9223-0242ac130202,Akshay Mathur,vijaikm,79761.0,81208.0,Player 1,1447.0,720
90329901,Ben Hamilton,somewhere after,0.0,0.0,Tie,0.0,720
a154b752-96e9-11f1-b10b-0242ac130203,vijaikm,Ahmed Samir,52588.0,28817.0,Player 0,23771.0,720
d8282446-98a4-11f1-9d69-0242ac130203,Dheeraj Kumar #3,vijaikm,93000.0,118947.0,Player 1,25947.0,720
2db242fc-9931-11f1-919f-0242ac130202,vijaikm,GUAM,73287.0,74616.0,Player 1,1329.0,720
3343ef70-9a69-11f1-a3cc-0242ac130202,カワシギ,Thomas Tschinkel,131469.0,131474.0,Player 1,5.0,720
1745d416-9922-11f1-ac2a-0242ac130203,vijaikm,Panagiotis Anagnostou,104856.0,93774.0,Player 0,11082.0,720
8292a590-9b8a-11f1-8f58-0242ac130203,TIM,vijaikm,79995.0,58361.0,Player 0,21634.0,720
515afe4e-9911-11f1-9dd0-0242ac130204,hengck23,vijaikm,54650.0,41782.0,Player 0,12868.0,720
a9f76100-96c8-11f1-9fa1-0242ac130204,vijaikm,Ripudaman Parmar,74099.0,60237.0,Player 0,13862.0,720
200a3326-9927-11f1-b289-0242ac130204,VN-Orion,vijaikm,61689.0,71394.0,Player 1,9705.0,720
dd7a96ba-991f-11f1-a686-0242ac130203,Ragav Rida,vijaikm,19252.0,119988.0,Player 1,100736.0,720
2a83d6a0-96bf-11f1-9b7e-0242ac130203,yf D,vijaikm,45269.0,130353.0,Player 1,85084.0,720
c093d0bc-991e-11f1-b87d-0242ac130203,Arya Arun,vijaikm,45894.0,132208.0,Player 1,86314.0,720
87a42756-982f-11f1-ad42-0242ac130203,huyimin517517,vijaikm,50369.0,51759.0,Player 1,1390.0,720
c79f1c3c-94d1-11f1-8b32-0242ac130203,vijaikm,vijaikm,18220.0,18149.0,Player 0,71.0,720
661b81cc-96e7-11f1-a6ce-0242ac130204,vijaikm,Symekah Shadrack Basweti,77512.0,10645.0,Player 0,66867.0,720
91020228,Kenjo1209,manual player,0.0,0.0,Tie,0.0,720
91306461,Burhan Ul Tayyab,spellstriker,0.0,0.0,Tie,0.0,720
7184df52-96c6-11f1-a1a1-0242ac130203,vijaikm,Faris Abqari,134872.0,119213.0,Player 0,15659.0,720
f34c8958-992e-11f1-b65d-0242ac130202,vijaikm,Galaxantic,68961.0,69696.0,Player 1,735.0,720
96776510-95df-11f1-a424-0242ac130203,Juwon Kweon,vijaikm,107142.0,77328.0,Player 0,29814.0,720
1a6f7a4a-9899-11f1-9261-0242ac130202,vijaikm,Manolo Chow,58811.0,33218.0,Player 0,25593.0,720
9b86f3e0-96f7-11f1-a66b-0242ac130202,vijaikm,WBF_USA_NYC,108678.0,107149.0,Player 0,1529.0,720
01054c9e-9838-11f1-83dc-0242ac130202,haogood666,vijaikm,90619.0,115290.0,Player 1,24671.0,720
91071030,Sebastian Mateus,X-xuhui,0.0,0.0,Tie,0.0,720
1b4c3c88-98ac-11f1-8e5b-0242ac130204,vijaikm,Khalid,102080.0,106317.0,Player 1,4237.0,720
7fc1267a-98f6-11f1-80d8-0242ac130203,Panos,vijaikm,114514.0,137587.0,Player 1,23073.0,720
da392e80-96f9-11f1-b84a-0242ac130204,IskanderAkhmetov,vijaikm,87481.0,88237.0,Player 1,756.0,720
2140955e-9ba8-11f1-a16f-0242ac130203,Abhiram 9803,vijaikm,127693.0,130461.0,Player 1,2768.0,720
05534716-96f2-11f1-9864-0242ac130204,vijaikm,Chirantan Bhardwaj,81287.0,71158.0,Player 0,10129.0,720
a2ebca78-98a7-11f1-9e64-0242ac130203,vijaikm,SOSyuki,139611.0,155431.0,Player 1,15820.0,720
81c2f442-992f-11f1-9a98-0242ac130203,Emile Andrieu,vijaikm,85882.0,87462.0,Player 1,1580.0,720
a5dc4ee8-9536-11f1-bf61-0242ac130202,vijaikm,Kaito Ichikawa,19697.0,43694.0,Player 1,23997.0,720
8ede53a0-9926-11f1-8a44-0242ac130204,vijaikm,durgesh dere,123045.0,112082.0,Player 0,10963.0,720
ce59c7fa-96f4-11f1-b5af-0242ac130203,vijaikm,Re2lawd,122939.0,123062.0,Player 1,123.0,720
23056ede-96ba-11f1-ab1e-0242ac130204,vijaikm,Ange Adantchede,65572.0,51908.0,Player 0,13664.0,720
5ee31a28-9499-11f1-90fd-0242ac130202,vijaikm,dankwa wadie,6040.0,55856.0,Player 1,49816.0,720
4f099694-9896-11f1-87ce-0242ac130203,Somasundar V,vijaikm,41679.0,106093.0,Player 1,64414.0,720
5459ff20-9937-11f1-8d7d-0242ac130202,lessgooo,vijaikm,54125.0,54125.0,Tie,0.0,720
5c053d3c-9632-11f1-b6c4-0242ac130203,Ochuwa Pearl Isa,THUNDER THUNDER,16739.0,155481.0,Player 1,138742.0,720
e7662f58-94ca-11f1-860e-0242ac130202,vijaikm,Neural,60117.0,62236.0,Player 1,2119.0,720
5df501c4-96bc-11f1-ad7c-0242ac130204,vijaikm,Rudranarayan Pradhan,91174.0,84314.0,Player 0,6860.0,720
d7eaea2e-94d3-11f1-8ffa-0242ac130203,vijaikm,miaoqing long,63923.0,9896.0,Player 0,54027.0,720
38b6e1e2-96ef-11f1-af4c-0242ac130203,vijaikm,MightyK,127537.0,115361.0,Player 0,12176.0,720
68d2ee3e-9933-11f1-83d6-0242ac130204,vijaikm,Roshan Roy,53599.0,52423.0,Player 0,1176.0,720
df4b193a-95cb-11f1-bfee-0242ac130202,vijaikm,Benjamin H Pepper,47554.0,131640.0,Player 1,84086.0,720
4c4e7a6c-991f-11f1-9a4b-0242ac130203,DeokJin,vijaikm,26878.0,117197.0,Player 1,90319.0,720
ed65af1e-9632-11f1-8a1b-0242ac130204,pranrocky,THUNDER THUNDER,47557.0,139213.0,Player 1,91656.0,720
92cf5972-96f2-11f1-9b6a-0242ac130204,vijaikm,KoRo2_JP,58367.0,52682.0,Player 0,5685.0,720
03915342-96a6-11f1-b4e1-0242ac130204,Yunho Hwang,vijaikm,97039.0,37920.0,Player 0,59119.0,720
cd0cfb66-9928-11f1-9cfb-0242ac130202,Vladimir Babin,vijaikm,80635.0,96178.0,Player 1,15543.0,720
8d28ea5c-9700-11f1-899f-0242ac130202,vijaikm,Kevin E R MILLE,97594.0,96053.0,Player 0,1541.0,720
cb5e7028-98b6-11f1-9a6d-0242ac130203,vijaikm,我的AI是豆包,88745.0,89147.0,Player 1,402.0,720
ae13b438-96db-11f1-9649-0242ac130204,Kazuta MIZUTA,vijaikm,69376.0,72349.0,Player 1,2973.0,720
96121a92-9b99-11f1-950b-0242ac130203,Rayk Kretzschmar,vijaikm,115985.0,107792.0,Player 0,8193.0,720
fe76b36c-9a2d-11f1-9546-0242ac130203,Thomas Tschinkel,カワシギ,81236.0,78284.0,Player 0,2952.0,720
07b02082-99af-11f1-9d07-0242ac130202,Maksim Borisov,vijaikm,48261.0,49546.0,Player 1,1285.0,720
ac789bfc-9901-11f1-8cad-0242ac130202,vijaikm,PRADHAN RS,74195.0,68080.0,Player 0,6115.0,720
a7fe08f2-9701-11f1-9462-0242ac130203,vijaikm,xiao cat q,129955.0,127414.0,Player 0,2541.0,720
35897a66-9ba4-11f1-afcb-0242ac130202,vijaikm,Karl0106,104091.0,106061.0,Player 1,1970.0,720
d51540fc-992d-11f1-80db-0242ac130202,カワシギ,Ueddy,97958.0,97344.0,Player 0,614.0,720
3f794f20-9a7c-11f1-bbb1-0242ac130203,カワシギ,Thomas Tschinkel,77731.0,76220.0,Player 0,1511.0,720
be283b9e-9a39-11f1-bc7c-0242ac130203,カワシギ,Thomas Tschinkel,117554.0,117668.0,Player 1,114.0,720
a07540e0-9a5e-11f1-80ec-0242ac130204,カワシギ,Thomas Tschinkel,80257.0,86742.0,Player 1,6485.0,720
bafbc088-986a-11f1-bdea-0242ac130203,Thomas Tschinkel,カワシギ,84736.0,91018.0,Player 1,6282.0,720
7a356754-9917-11f1-88c8-0242ac130203,カワシギ,Ueddy,69077.0,69256.0,Player 1,179.0,720
ba89fa50-96d2-11f1-9e77-0242ac130203,vijaikm,Gaddam Shiva Teja,91477.0,78712.0,Player 0,12765.0,720
6b793a14-96d4-11f1-a072-0242ac130203,vijaikm,Dang Khoa Nguyen,93226.0,77109.0,Player 0,16117.0,720
0ac0a910-992b-11f1-a072-0242ac130203,vijaikm,Michael Timbs,137632.0,131493.0,Player 0,6139.0,720
b8f04468-992c-11f1-891f-0242ac130204,vijaikm,Bao Tran,89588.0,89160.0,Player 0,428.0,720
82c61f4a-98d0-11f1-a27f-0242ac130204,vijaikm,EdGy2k,75146.0,59020.0,Player 0,16126.0,720
acb78790-99b0-11f1-b3bd-0242ac130203,vijaikm,JackChenghao,110221.0,110576.0,Player 1,355.0,720
baa76992-978a-11f1-82d5-0242ac130204,カワシギ,researchstudio.site,107872.0,98298.0,Player 0,9574.0,720
c86a46d6-9b7b-11f1-86ef-0242ac130203,Ricky,vijaikm,99859.0,89730.0,Player 0,10129.0,720
fe9e6cf6-98aa-11f1-97f6-0242ac130203,vijaikm,sbol ball,71266.0,78271.0,Player 1,7005.0,720
233f41e8-96f3-11f1-814b-0242ac130202,Tutti,vijaikm,36716.0,51879.0,Player 1,15163.0,720
d5ce5bd8-96c0-11f1-8d2a-0242ac130203,vijaikm,Ashutosh Ghodasara,127740.0,83149.0,Player 0,44591.0,720
4c921c08-949d-11f1-8540-0242ac130203,Arnav,vijaikm,10693.0,4584.0,Player 0,6109.0,720
11918d18-9930-11f1-81d1-0242ac130203,RicardoLópez,vijaikm,74832.0,73012.0,Player 0,1820.0,720
3ac95ef0-96dc-11f1-aa6a-0242ac130202,vijaikm,Yuki.O,85753.0,111742.0,Player 1,25989.0,720
c58cce5e-96c9-11f1-84ae-0242ac130202,vijaikm,Zhang Yingluo,86695.0,81771.0,Player 0,4924.0,720
6e1401ce-5256-11ef-b3a4-0242ac130202,p0,p1,-1.0,-1.0,Tie,0.0,720
325ddaf4-991e-11f1-8bfc-0242ac130204,Rishikesh Bharat Koli,vijaikm,2.0,120571.0,Player 1,120569.0,720
be64760a-96be-11f1-a58c-0242ac130204,vijaikm,vijaikm,44589.0,44634.0,Player 1,45.0,720
6c522a7a-96b3-11f1-9920-0242ac130202,clora,vijaikm,102959.0,42319.0,Player 0,60640.0,720
41f9c940-9ba9-11f1-b064-0242ac130204,vijaikm,BOB,135446.0,140230.0,Player 1,4784.0,720
2b7dc608-949c-11f1-a014-0242ac130203,Fanis Alexakis,vijaikm,7549.0,5920.0,Player 0,1629.0,720
90267571,Winter Lamb,Taehoon Hwang,0.0,0.0,Tie,0.0,720
ef273a4c-9499-11f1-9bfe-0242ac130204,vijaikm,Yangle Ma,5967.0,31593.0,Player 1,25626.0,720
d9f17b04-9932-11f1-a957-0242ac130202,vijaikm,Arnie Jimenez,82482.0,82658.0,Player 1,176.0,720
6f6e951a-96d9-11f1-a04f-0242ac130203,xlnt,vijaikm,109752.0,120548.0,Player 1,10796.0,720
11e928d2-96e9-11f1-a8c2-0242ac130202,Hiro Nomo,vijaikm,90142.0,149655.0,Player 1,59513.0,720
47416b42-94d3-11f1-ab6d-0242ac130204,vijaikm,edwinis,50605.0,68046.0,Player 1,17441.0,720
dd02c770-96fe-11f1-8ac8-0242ac130203,vijaikm,Qimra1729,35499.0,33915.0,Player 0,1584.0,720
6f1fa1fe-98ae-11f1-84b1-0242ac130204,vijaikm,EdGy2k,98364.0,81324.0,Player 0,17040.0,720
8d130abe-98ab-11f1-bdc4-0242ac130204,vijaikm,Natalia Mawyin,69070.0,55462.0,Player 0,13608.0,720
48af538e-96d3-11f1-a599-0242ac130203,vijaikm,José Luis Gómezz,71935.0,75263.0,Player 1,3328.0,720
a9df35ee-9498-11f1-bbd7-0242ac130203,vijaikm,vijaikm,3305.0,3315.0,Player 1,10.0,720
8e6ed46c-95ed-11f1-9f4c-0242ac130204,vijaikm,Ryan Triplett,75529.0,48812.0,Player 0,26717.0,720
a40dc334-983e-11f1-95a9-0242ac130204,vijaikm,vijaikm,58755.0,58273.0,Player 0,482.0,720
a8a4ceb0-96d6-11f1-8c2b-0242ac130203,Ronty00,vijaikm,62501.0,73951.0,Player 1,11450.0,720
7f408536-9556-11f1-9c6b-0242ac130204,vijaikm,ChrisDavis,46742.0,64632.0,Player 1,17890.0,720
9889759a-9905-11f1-b5da-0242ac130202,カワシギ,Thomas Tschinkel,136045.0,124193.0,Player 0,11852.0,720
a754b91e-9922-11f1-a870-0242ac130204,vijaikm,안녕하세요이세입니다잘부탁드립니다,165944.0,125963.0,Player 0,39981.0,720
90297819,somewhere after,StopPlantingStartGameTheorying,0.0,0.0,Tie,0.0,720
ad7e0e8c-9574-11f1-b790-0242ac130204,vijaikm,Lochan Naik,62191.0,21780.0,Player 0,40411.0,720
b88c39d8-96bf-11f1-b198-0242ac130203,vijaikm,fvong,136960.0,57996.0,Player 0,78964.0,720
044f1aa0-989d-11f1-9dc3-0242ac130204,YujieXing10,vijaikm,112102.0,116856.0,Player 1,4754.0,720
cef59db2-96bb-11f1-a883-0242ac130204,vijaikm,Mark Schatza,65049.0,58501.0,Player 0,6548.0,720
1ac7a986-96c8-11f1-8702-0242ac130203,vijaikm,星之海,92515.0,72239.0,Player 0,20276.0,720
519f8ecc-9832-11f1-981b-0242ac130203,vijaikm,oliver,68757.0,71680.0,Player 1,2923.0,720
e46b3eea-96ca-11f1-8753-0242ac130204,vijaikm,Zhanpeng.W,76378.0,70176.0,Player 0,6202.0,720
ccb1843e-9928-11f1-914b-0242ac130204,vijaikm,Cary Jin,113474.0,130650.0,Player 1,17176.0,720
b1a48808-9ba8-11f1-bad8-0242ac130204,vijaikm,Aaweg,89125.0,87159.0,Player 0,1966.0,720
4a8df5ea-94d3-11f1-a79d-0242ac130203,Darshan Makwana,vijaikm,72280.0,56606.0,Player 0,15674.0,720
9f036bb2-970a-11f1-a207-0242ac130203,KKY,vijaikm,135961.0,135961.0,Tie,0.0,720
159d9cfc-96fc-11f1-baf9-0242ac130203,vijaikm,SuroRitch,72630.0,67052.0,Player 0,5578.0,720
3096bb9a-96ea-11f1-9f11-0242ac130203,vijaikm,SeshuRaju 🧘‍♂️,109565.0,92072.0,Player 0,17493.0,720
4eab2e36-9b77-11f1-8c17-0242ac130203,Triston Morgan,vijaikm,92144.0,71180.0,Player 0,20964.0,720
5ceb392a-96cf-11f1-af15-0242ac130204,vijaikm,Klgv Klgv,76407.0,66181.0,Player 0,10226.0,720
fb3c76c6-96ec-11f1-80d9-0242ac130203,vijaikm,Batuhan Ustun,59991.0,60835.0,Player 1,844.0,720
91120839,Ztr0,Aberrchan,0.0,0.0,Tie,0.0,720
feb8e3e4-9871-11f1-abed-0242ac130203,Chase Martyn,vijaikm,49793.0,53426.0,Player 1,3633.0,720
a1193f8a-9930-11f1-b408-0242ac130202,vijaikm,premjampuram,124030.0,110751.0,Player 0,13279.0,720
418143be-9567-11f1-9632-0242ac130202,vijaikm,Chaitanya Sonaje,34608.0,44414.0,Player 1,9806.0,720
390b19ee-9936-11f1-8d43-0242ac130202,vijaikm,Cengizhan Tümer,57380.0,58372.0,Player 1,992.0,720
6ab52b44-9920-11f1-9868-0242ac130203,vuppuluri sriramsubhash,vijaikm,78752.0,104781.0,Player 1,26029.0,720
ba1d655a-992c-11f1-81d7-0242ac130202,Sami Cakiral,vijaikm,64304.0,66788.0,Player 1,2484.0,720
c4161974-96ea-11f1-9d82-0242ac130203,Aqib Raza,vijaikm,121737.0,144786.0,Player 1,23049.0,720
fd40f13a-96d9-11f1-a0f8-0242ac130202,vijaikm,Arnie Jimenez,49118.0,26386.0,Player 0,22732.0,720
90324826,somewhere after,Egor Trushin,0.0,0.0,Tie,0.0,720
4f881aa8-95e6-11f1-8cfb-0242ac130204,LUCKY2,vijaikm,70451.0,58495.0,Player 0,11956.0,720
da2385e8-98ad-11f1-b202-0242ac130203,vijaikm,OrGanAIc,99207.0,100861.0,Player 1,1654.0,720
b23877f0-989e-11f1-9d15-0242ac130203,vijaikm,Igor Zharov,50635.0,51282.0,Player 1,647.0,720
ee3b7162-9b6e-11f1-abc3-0242ac130204,vijaikm,Mille Initiate,145741.0,127134.0,Player 0,18607.0,720
dd7ccc62-98a9-11f1-a754-0242ac130203,Pengyi Peng1,vijaikm,37873.0,35704.0,Player 0,2169.0,720
9b352720-96d1-11f1-9c6a-0242ac130203,Nikola010,vijaikm,137702.0,139431.0,Player 1,1729.0,720
7e9f3714-98a1-11f1-8284-0242ac130202,vijaikm,Keisuke,112603.0,115855.0,Player 1,3252.0,720
59467ee4-9ba5-11f1-bd99-0242ac130204,Bocen Li,vijaikm,91709.0,94925.0,Player 1,3216.0,720
89fa0bf8-98af-11f1-abf9-0242ac130204,vijaikm,qr Z1201,73566.0,101609.0,Player 1,28043.0,720
cf50e7ba-9915-11f1-b373-0242ac130204,Tony Li,vijaikm,57405.0,53508.0,Player 0,3897.0,720
81d03fbe-51c7-11ef-9d83-0242ac130202,p0,p1,1.0,-1.0,Player 0,2.0,720
57641986-96ca-11f1-bbea-0242ac130202,Ari Carter,vijaikm,34671.0,53267.0,Player 1,18596.0,720
f54362d4-96e7-11f1-9db5-0242ac130202,別班,vijaikm,62735.0,123775.0,Player 1,61040.0,720
bd6dcf5e-949c-11f1-a84d-0242ac130204,Pratish Chaudhary,vijaikm,5957.0,6056.0,Player 1,99.0,720
ffa529d6-96c6-11f1-9322-0242ac130202,vijaikm,boluosnow,121507.0,128968.0,Player 1,7461.0,720
90294027,Konstantin03,somewhere after,0.0,0.0,Tie,0.0,720
975a4028-4790-11ef-bf38-0242ac130202,p0,p1,1.0,-1.0,Player 0,2.0,720
93710ca8-9838-11f1-aa50-0242ac130204,AlexMoura2026,vijaikm,97932.0,90861.0,Player 0,7071.0,720
6d209b24-96ec-11f1-bacc-0242ac130203,Aaweg,vijaikm,98075.0,79440.0,Player 0,18635.0,720
ee73f654-96f5-11f1-aad9-0242ac130202,Suda,vijaikm,99748.0,80209.0,Player 0,19539.0,720
780446d0-98b8-11f1-bc56-0242ac130203,vijaikm,Vigneshwaran S,138567.0,115949.0,Player 0,22618.0,720
1d989ede-9927-11f1-9d13-0242ac130203,Alexandrine Cakpo,vijaikm,88700.0,88983.0,Player 1,283.0,720
4e960930-9932-11f1-b251-0242ac130203,WangQrkkk,vijaikm,127279.0,136275.0,Player 1,8996.0,720
71e14aa6-9925-11f1-b0a1-0242ac130204,vijaikm,Akira Imae,57000.0,51633.0,Player 0,5367.0,720
90298534,Konstantin03,somewhere after,0.0,0.0,Tie,0.0,720
68716cc4-98fa-11f1-be88-0242ac130204,Richard Tang,vijaikm,59206.0,78798.0,Player 1,19592.0,720
c7bd3d28-96ef-11f1-b8b6-0242ac130204,vijaikm,Chekhlov Dmitrii,128334.0,123347.0,Player 0,4987.0,720
dfeb80f0-96c5-11f1-92e6-0242ac130203,vijaikm,JM,33751.0,29605.0,Player 0,4146.0,720
33cf6cb8-96fd-11f1-8116-0242ac130202,vijaikm,YUKRUB,53473.0,53686.0,Player 1,213.0,720
91037908,GURU Prasaatha S,manual player,0.0,0.0,Tie,0.0,720
89fc5456-9898-11f1-ac21-0242ac130203,vijaikm,Praise the SHOVEL,106682.0,89238.0,Player 0,17444.0,720
e3ca0fa4-9ba5-11f1-9b8e-0242ac130204,vijaikm,Igor Zharov,79763.0,79642.0,Player 0,121.0,720
e90840a4-9929-11f1-a460-0242ac130204,Abhiram 9803,vijaikm,160623.0,162681.0,Player 1,2058.0,720
8ba298f0-9934-11f1-9d24-0242ac130203,vijaikm,Oiti Roy,76864.0,76404.0,Player 0,460.0,720
3990e1a6-989a-11f1-b8c2-0242ac130203,vijaikm,Kun Zhang,52618.0,31998.0,Player 0,20620.0,720
af991010-98b5-11f1-a94f-0242ac130203,vijaikm,Dimas Pasha Akrilian,116626.0,116624.0,Player 0,2.0,720
4088d14e-989f-11f1-b357-0242ac130203,TrebolNoir_,vijaikm,36248.0,44614.0,Player 1,8366.0,720
e4c66096-9a52-11f1-a7ff-0242ac130203,Thomas Tschinkel,カワシギ,97545.0,96236.0,Player 0,1309.0,720
37cc475c-96c9-11f1-a862-0242ac130204,vijaikm,DhanaLakshmiMalla,71656.0,59078.0,Player 0,12578.0,720
e5ebf0a2-989b-11f1-a01c-0242ac130204,Ritesh Thawkar,vijaikm,133954.0,140978.0,Player 1,7024.0,720
193afa0a-96c3-11f1-9ff8-0242ac130202,JayveerSingh6,vijaikm,69813.0,114799.0,Player 1,44986.0,720
723f9a0c-9925-11f1-9165-0242ac130203,xycai,vijaikm,64884.0,72758.0,Player 1,7874.0,720
659b8982-991b-11f1-abd2-0242ac130204,vijaikm,NIklitaCheporev,75444.0,74962.0,Player 0,482.0,720
352f05aa-9923-11f1-9dff-0242ac130203,Foodle Jang,vijaikm,108542.0,112308.0,Player 1,3766.0,720
909510e8-991d-11f1-9647-0242ac130204,vijaikm,vijaikm,53126.0,54244.0,Player 1,1118.0,720
1a8e7ade-9935-11f1-b7f7-0242ac130203,Alex,vijaikm,75134.0,91050.0,Player 1,15916.0,720
84a29a66-96d5-11f1-9ad7-0242ac130204,vijaikm,Arnie Jimenez,106437.0,100896.0,Player 0,5541.0,720
1ceb4fb6-96db-11f1-84a4-0242ac130203,JeremyH43,vijaikm,108778.0,140480.0,Player 1,31702.0,720
3e90e992-4745-11ef-9347-0242ac130202,p0,p1,-1.0,1.0,Player 1,2.0,720
6d4d4cec-95ab-11f1-875c-0242ac130204,test_money,vijaikm,139711.0,41873.0,Player 0,97838.0,720
6754eeda-96fa-11f1-8e43-0242ac130203,Charismatic Pizza Party🍕,vijaikm,44919.0,57953.0,Player 1,13034.0,720
c367d702-96fd-11f1-a32d-0242ac130204,harden james,vijaikm,136905.0,136905.0,Tie,0.0,720
6d31da84-96ff-11f1-a920-0242ac130204,xiao cat q,vijaikm,132776.0,134769.0,Player 1,1993.0,720
4a31153c-96f9-11f1-bdbe-0242ac130202,YujieXing10,vijaikm,132592.0,135106.0,Player 1,2514.0,720
a9585cc6-9935-11f1-ad6a-0242ac130203,vijaikm,hinemos,128087.0,125251.0,Player 0,2836.0,720
0bfa2b3c-98a2-11f1-8f0f-0242ac130204,yaphanqiii,vijaikm,82585.0,105201.0,Player 1,22616.0,720
eebdafc4-9894-11f1-a25e-0242ac130202,vijaikm,vijaikm,52298.0,52537.0,Player 1,239.0,720
9e8ecba4-9930-11f1-9d99-0242ac130204,Salem Ali,vijaikm,66761.0,69570.0,Player 1,2809.0,720
81a7e786-9855-11f1-bc06-0242ac130202,Ryan Triplett,vijaikm,103234.0,53304.0,Player 0,49930.0,720
c4df6b50-9a8a-11f1-8a82-0242ac130203,Thomas Tschinkel,カワシギ,75283.0,74387.0,Player 0,896.0,720
